Workbook

Sheet DanhSachSinhVien
A1: MSSV | B1: Họ | C1: Tên | D1: Lớp | E1: MaMH | F1: Diem
A2: 1111434 | B2: Lê Huỳnh | C2: Như | D2: DI11Y9A2 | E2: =VLOOKUP(A2,KetQuaHocTap!$A$1:$D$15,2,0) -> CT447 | F2: =VLOOKUP(A2,KetQuaHocTap!$A$1:$D$15,3,0) -> A
A3: 1111450 | B3: Sơn | C3: Sony | D3: DI11Y9A1 | E3: =VLOOKUP(A3,KetQuaHocTap!$A$1:$D$15,2,0) -> CT107 | F3: =VLOOKUP(A3,KetQuaHocTap!$A$1:$D$15,3,0) -> A
A4: A1200014 | B4: Võ Đông | C4: Triều | D4: CP1296C1 | E4: =VLOOKUP(A4,KetQuaHocTap!$A$1:$D$15,2,0) -> CT178 | F4: =VLOOKUP(A4,KetQuaHocTap!$A$1:$D$15,3,0) -> C
A5: A1200028 | B5: Lê Phong | C5: Cảnh | D5: CP1296C1 | E5: =VLOOKUP(A5,KetQuaHocTap!$A$1:$D$15,2,0) -> CT447 | F5: =VLOOKUP(A5,KetQuaHocTap!$A$1:$D$15,3,0) -> D
A6: A1200137 | B6: Trần Tấn | C6: Quốc | D6: CP1296C1 | E6: =VLOOKUP(A6,KetQuaHocTap!$A$1:$D$15,2,0) -> CT107 | F6: =VLOOKUP(A6,KetQuaHocTap!$A$1:$D$15,3,0) -> B
A7: B1204052 | B7: Nguyễn Thanh | C7: Phong | D7: DI1296A2 | E7: =VLOOKUP(A7,KetQuaHocTap!$A$1:$D$15,2,0) -> CT178 | F7: =VLOOKUP(A7,KetQuaHocTap!$A$1:$D$15,3,0) -> A
A8: B1204121 | B8: Nguyễn Thanh | C8: Thiện | D8: DI1295A1 | E8: =VLOOKUP(A8,KetQuaHocTap!$A$1:$D$15,2,0) -> CT447 | F8: =VLOOKUP(A8,KetQuaHocTap!$A$1:$D$15,3,0) -> A
A9: B1208601 | B9: Hồ Thị Huế | C9: Chi | D9: DI12Z6A2 | E9: =VLOOKUP(A9,KetQuaHocTap!$A$1:$D$15,2,0) -> CT107 | F9: =VLOOKUP(A9,KetQuaHocTap!$A$1:$D$15,3,0) -> C
A10: B1209103 | B10: Nguyễn Hoài | C10: Nam | D10: TC12Z5A1 | E10: =VLOOKUP(A10,KetQuaHocTap!$A$1:$D$15,2,0) -> CT178 | F10: =VLOOKUP(A10,KetQuaHocTap!$A$1:$D$15,3,0) -> D
A11: B1209107 | B11: Cao Tuấn | C11: Nguyên | D11: TC12Z5A1 | E11: =VLOOKUP(A11,KetQuaHocTap!$A$1:$D$15,2,0) -> CT447 | F11: =VLOOKUP(A11,KetQuaHocTap!$A$1:$D$15,3,0) -> B
A12: B1209144 | B12: Huỳnh Nhựt | C12: Thương | D12: TC12Z5A2 | E12: =VLOOKUP(A12,KetQuaHocTap!$A$1:$D$15,2,0) -> CT107 | F12: =VLOOKUP(A12,KetQuaHocTap!$A$1:$D$15,3,0) -> A
A13: B1302016 | B13: Nguyễn Phước | C13: Toàn | D13: XH13W9A1 | E13: =VLOOKUP(A13,KetQuaHocTap!$A$1:$D$15,2,0) -> CT178 | F13: =VLOOKUP(A13,KetQuaHocTap!$A$1:$D$15,3,0) -> A
A14: B1304488 | B14: Hồng Duy | C14: Hiệu | D14: DI13Z6A1 | E14: =VLOOKUP(A14,KetQuaHocTap!$A$1:$D$15,2,0) -> CT447 | F14: =VLOOKUP(A14,KetQuaHocTap!$A$1:$D$15,3,0) -> C
A15: B104494 | B15: Kim | C15: Mel | D15: DI13Z6A1 | E15: =VLOOKUP(A15,KetQuaHocTap!$A$1:$D$15,2,0) -> CT107 | F15: =VLOOKUP(A15,KetQuaHocTap!$A$1:$D$15,3,0) -> D

Sheet KetQuaHocTap
A1: MSSV | B1: MaMH | C1: Diem | D1: Họ Tên
A2: 1111434 | B2: CT447 | C2: A | D2: =VLOOKUP(A2,DanhSachSinhVien!$A$1:$D$15,2,0)&" "&VLOOKUP(A2,DanhSachSinhVien!$A$1:$D$15,3,0) -> Lê Huỳnh Như
A3: 1111450 | B3: CT107 | C3: A | D3: =VLOOKUP(A3,DanhSachSinhVien!$A$1:$D$15,2,0)&" "&VLOOKUP(A3,DanhSachSinhVien!$A$1:$D$15,3,0) -> Sơn Sony
A4: A1200014 | B4: CT178 | C4: C | D4: =VLOOKUP(A4,DanhSachSinhVien!$A$1:$D$15,2,0)&" "&VLOOKUP(A4,DanhSachSinhVien!$A$1:$D$15,3,0) -> Võ Đông Triều
A5: A1200028 | B5: CT447 | C5: D | D5: =VLOOKUP(A5,DanhSachSinhVien!$A$1:$D$15,2,0)&" "&VLOOKUP(A5,DanhSachSinhVien!$A$1:$D$15,3,0) -> Lê Phong Cảnh
A6: A1200137 | B6: CT107 | C6: B | D6: =VLOOKUP(A6,DanhSachSinhVien!$A$1:$D$15,2,0)&" "&VLOOKUP(A6,DanhSachSinhVien!$A$1:$D$15,3,0) -> Trần Tấn Quốc
A7: B1204052 | B7: CT178 | C7: A | D7: =VLOOKUP(A7,DanhSachSinhVien!$A$1:$D$15,2,0)&" "&VLOOKUP(A7,DanhSachSinhVien!$A$1:$D$15,3,0) -> Nguyễn Thanh Phong
A8: B1204121 | B8: CT447 | C8: A | D8: =VLOOKUP(A8,DanhSachSinhVien!$A$1:$D$15,2,0)&" "&VLOOKUP(A8,DanhSachSinhVien!$A$1:$D$15,3,0) -> Nguyễn Thanh Thiện
A9: B1208601 | B9: CT107 | C9: C | D9: =VLOOKUP(A9,DanhSachSinhVien!$A$1:$D$15,2,0)&" "&VLOOKUP(A9,DanhSachSinhVien!$A$1:$D$15,3,0) -> Hồ Thị Huế Chi
A10: B1209103 | B10: CT178 | C10: D | D10: =VLOOKUP(A10,DanhSachSinhVien!$A$1:$D$15,2,0)&" "&VLOOKUP(A10,DanhSachSinhVien!$A$1:$D$15,3,0) -> Nguyễn Hoài Nam
A11: B1209107 | B11: CT447 | C11: B | D11: =VLOOKUP(A11,DanhSachSinhVien!$A$1:$D$15,2,0)&" "&VLOOKUP(A11,DanhSachSinhVien!$A$1:$D$15,3,0) -> Cao Tuấn Nguyên
A12: B1209144 | B12: CT107 | C12: A | D12: =VLOOKUP(A12,DanhSachSinhVien!$A$1:$D$15,2,0)&" "&VLOOKUP(A12,DanhSachSinhVien!$A$1:$D$15,3,0) -> Huỳnh Nhựt Thương
A13: B1302016 | B13: CT178 | C13: A | D13: =VLOOKUP(A13,DanhSachSinhVien!$A$1:$D$15,2,0)&" "&VLOOKUP(A13,DanhSachSinhVien!$A$1:$D$15,3,0) -> Nguyễn Phước Toàn
A14: B1304488 | B14: CT447 | C14: C | D14: =VLOOKUP(A14,DanhSachSinhVien!$A$1:$D$15,2,0)&" "&VLOOKUP(A14,DanhSachSinhVien!$A$1:$D$15,3,0) -> Hồng Duy Hiệu
A15: B104494 | B15: CT107 | C15: D | D15: =VLOOKUP(A15,DanhSachSinhVien!$A$1:$D$15,2,0)&" "&VLOOKUP(A15,DanhSachSinhVien!$A$1:$D$15,3,0) -> Kim Mel

Sheet DanhMucMonHoc
A1: MaMH | B1: TenMH | C1: TinChi
A2: CT447 | B2: Quan Tri He Thong | C2: 3
A3: CT107 | B3: He Dieu Hanh | C3: 3
A4: CT178 | B4: Nen tang CNTT | C4: 3

Sheet KQ_2a
A1: MSSV | B1: Họ | C1: Tên | D1: Lớp
A2: B1204052 | B2: Nguyễn Thanh | C2: Phong | D2: DI1296A2
A3: B1204121 | B3: Nguyễn Thanh | C3: Thiện | D3: DI1295A1

Sheet KQ_2b
A1: MSSV | B1: MaMH | C1: Diem | D1: Họ Tên
A2: A1200014 | B2: CT178 | C2: C | D2: Võ Đông Triều
A3: B1204052 | B3: CT178 | C3: A | D3: Nguyễn Thanh Phong
A4: B1209103 | B4: CT178 | C4: D | D4: Nguyễn Hoài Nam
A5: B1302016 | B5: CT178 | C5: A | D5: Nguyễn Phước Toàn

Sheet KQ_2c-d
A1: MSSV | B1: Họ | C1: Tên | D1: Lớp | E1: MaMH | F1: Diem
A2: A1200014 | B2: Võ Đông | C2: Triều | D2: CP1296C1 | E2: CT178 | F2: C
